,NASDAQCOM,SPASTT01EZM661N,SPASTT01GBM661N,NIKKEI225,SPASTT01CNM661N,SPASTT01CAM661N,SPASTT01INM661N,SPASTT01BRM661N,DGS10,DTWEXBGS,DCOILWTICO,PALLFNFINDEXM,INDPRO,CPIAUCSL,VIXCLS
2010-01-31,2147.35,76.79612,82.06037,10198.04,85.744,81.30677,63.04546,137.541,3.63,93.7638,72.85,139.843361226604,89.3426,217.488,20.643157894736845
2010-02-28,2238.26,72.15005,79.33413,10126.03,81.02689,79.8829,59.20132,132.4443,3.61,93.6602,79.72,136.5666008811577,89.6779,217.281,22.54
2010-03-31,2397.96,76.53534,85.23425,11089.94,82.70515,83.45537,63.13286,138.7544,3.84,92.8987,83.45,141.516296754687,90.2928,217.353,17.767391304347825
2010-04-30,2461.19,78.28024,86.77956,11057.4,82.74054,84.78104,64.64835,140.1851,3.69,92.8423,86.07,149.3218009901462,90.5991,217.403,17.424285714285716
2010-05-31,2257.04,70.93457,79.41071,9768.7,72.28789,82.30941,61.57322,125.767,3.31,96.3062,74.0,140.4501556903343,91.823,217.29,31.9295
2010-06-30,2109.24,71.07352,77.93181,9382.64,68.86481,81.45685,63.23722,127.1912,2.97,95.9934,75.59,137.7243226631004,91.9928,217.199,29.916363636363634
2010-07-31,2254.7,71.61446,78.21916,9537.3,67.46065,80.52513,65.24067,128.7959,2.94,93.2793,78.85,137.8108371699904,92.3421,217.605,25.565238095238094
2010-08-31,2114.03,72.66797,80.00254,8824.06,71.32497,81.78944,66.4434,133.745,2.47,94.7204,71.93,141.6681561307515,92.6805,217.923,24.74590909090909
2010-09-30,2368.62,74.28543,83.62054,9369.35,71.37145,84.8238,70.6502,136.0928,2.53,91.3415,79.95,144.4078619968768,92.9537,218.275,22.517619047619046
2010-10-31,2507.41,76.16564,86.2373,9202.45,77.76422,87.64761,74.02061,141.8965,2.63,90.0935,81.45,152.1918465423338,92.6903,219.035,20.37333333333333
2010-11-30,2498.23,76.41828,86.95272,9937.04,80.45512,89.56783,73.52615,141.4921,2.81,92.1494,84.12,157.0796169938861,92.7709,219.59,20.095714285714287
2010-12-31,2652.87,77.61973,89.17023,10228.92,76.99757,92.64738,72.83301,137.7639,3.3,90.5146,91.38,166.148406638524,93.6787,220.472,17.56954545454545
2011-01-31,2700.08,79.38821,90.49825,10237.92,74.90562,93.41709,70.45145,140.1454,3.42,89.694,90.99,172.4565559026008,93.4814,221.187,17.3155
2011-02-28,2782.27,82.046,91.29873,10624.09,77.21042,97.07018,65.93076,133.6234,3.42,88.9391,97.1,178.7150390044905,93.1102,221.898,17.43
2011-03-31,2781.07,79.14007,88.81116,9755.1,79.59506,97.16712,67.46523,135.1652,3.47,88.0299,106.19,184.7654038676631,94.0788,223.046,20.723478260869566
2011-04-30,2873.54,80.68848,91.15983,9849.74,80.98402,97.37599,71.1345,135.3783,3.32,85.5999,113.39,194.2741653356084,93.7749,224.093,16.244
2011-05-31,2835.3,79.72647,90.13159,9693.73,76.59244,95.00018,66.98655,128.028,3.05,86.656,102.7,186.9132103429993,93.888,224.806,16.91142857142857
2011-06-30,2773.52,76.60327,87.82962,9816.09,73.3093,91.54075,66.63374,125.0514,3.18,86.4786,95.3,184.9142914913921,94.172,224.806,19.153181818181817
2011-07-31,2756.38,75.91946,89.6133,9833.03,75.04084,92.72158,68.05013,121.4007,2.82,85.7282,95.68,187.9011084878115,94.636,225.395,19.2275
2011-08-31,2579.46,63.68574,79.83832,8955.2,70.14217,86.53025,61.68928,108.1612,2.23,86.7739,88.81,183.1953834300808,95.2749,226.106,35.02913043478261
2011-09-30,2415.4,59.6679,79.28227,8700.29,66.60799,84.74576,61.02279,111.4011,1.92,91.9998,78.93,180.696635192043,95.1961,226.597,36.53
2011-10-31,2684.41,63.46397,82.01352,8988.39,64.69473,83.03756,61.39568,109.7449,2.17,89.2053,93.19,174.8531382901442,95.8568,226.75,32.829047619047614
2011-11-30,2620.34,61.52987,81.92102,8434.61,66.464,83.95289,61.18019,114.8218,2.08,91.4728,100.36,176.814722969675,95.8485,227.169,31.94190476190476
2011-12-31,2605.15,62.38239,83.14214,8455.35,60.84426,82.75748,58.48026,115.267,1.89,92.4262,98.83,173.4162736540506,96.3571,227.223,25.047619047619047
2012-01-31,2813.84,65.52468,86.26339,8802.51,61.17897,85.88154,59.99728,122.0988,1.83,90.5538,98.46,176.4606755548285,96.9318,227.842,20.228
2012-02-29,2966.89,69.40412,89.36356,9723.24,64.01369,87.51072,65.27747,131.6867,1.98,89.7487,107.08,181.9136759608016,97.2435,228.329,18.4205
2012-03-31,3091.57,70.38325,89.09153,10083.56,64.49771,86.92337,63.58006,133.8172,2.23,90.4593,103.03,185.6415727723129,96.74,228.807,16.167272727272728
2012-04-30,3046.36,66.0906,86.81686,9520.89,63.44928,84.62113,63.26318,125.8209,1.95,90.3634,104.89,182.6076872111075,97.4359,229.187,17.823
2012-05-31,2827.34,62.28695,82.94213,8542.73,64.63291,81.09511,60.08113,115.1889,1.59,94.6856,86.52,171.9767400312668,97.6609,228.713,21.001818181818184
2012-06-30,2935.06,60.68549,82.78458,9006.78,61.7275,80.17008,61.18067,109.7674,1.67,92.9096,85.04,160.902266256116,97.6663,228.524,21.13095238095238
2012-07-31,2939.52,63.56952,85.46852,8695.06,58.67879,81.07572,62.90985,109.7904,1.51,92.8422,88.08,166.5134512363088,97.8713,228.59,17.565238095238094
2012-08-31,3066.96,67.52279,87.88861,8839.91,57.20388,83.05807,64.31582,116.9357,1.57,92.1677,96.47,171.3649975807179,97.4525,229.918,15.689565217391305
2012-09-30,3116.23,70.21201,88.03069,8870.16,56.00947,85.56171,66.39134,120.4737,1.65,90.8342,92.18,172.994156361944,97.381,231.015,15.284736842105264
2012-10-31,2977.23,69.80975,88.43055,8928.29,56.73779,86.0667,68.44677,117.7528,1.72,91.1609,86.23,171.2279474380693,97.7193,231.638,16.276190476190475
2012-11-30,3010.24,69.82182,87.75896,9446.01,55.26806,84.82533,68.2731,114.9037,1.62,91.1038,88.54,169.0882036690338,98.0777,231.249,16.701904761904764
2012-12-31,3019.51,72.95261,89.8544,10395.18,57.48444,85.765,70.76801,120.0986,1.78,91.0834,91.83,169.9579224174215,98.3101,231.221,17.307
2013-01-31,3142.13,75.44898,93.26134,11138.66,62.37919,88.2803,72.64948,123.5313,2.02,90.798,97.65,174.0164190795242,98.3342,231.679,13.505238095238095
2013-02-28,3160.19,74.30003,95.77787,11559.36,64.75461,88.80955,71.1474,116.3945,1.89,92.295,92.03,175.532526665383,98.7941,232.937,14.072631578947368
2013-03-31,3267.52,75.94781,97.56867,12397.91,62.13176,89.09897,69.85902,114.0578,1.87,92.302,97.24,171.2027849200918,99.1921,232.282,13.0315
2013-04-30,3328.79,74.65344,96.48994,13860.86,59.79176,85.77365,68.87262,110.0051,1.7,91.3741,93.22,167.7996388350047,99.1065,231.797,13.967272727272727
2013-05-31,3455.91,78.6491,100.7186,13774.54,61.16636,87.77636,72.89182,111.3736,2.16,93.6076,91.93,166.7622852057175,99.1839,231.893,13.493636363636364
2013-06-30,3403.25,75.30694,95.5213,13677.32,57.7076,85.23157,69.9249,99.64996,2.52,94.3047,96.36,164.0410886338214,99.3897,232.445,17.2715
2013-07-31,3626.37,76.45506,98.83331,13668.32,54.48087,86.92616,72.04655,94.55801,2.6,93.5703,105.1,165.9862252184961,99.0814,232.9,13.974545454545455
2013-08-31,3589.87,79.78374,98.86803,13388.86,56.10877,88.02386,68.28677,100.5693,2.78,94.7541,107.98,168.5747434791647,99.6543,233.456,14.21
2013-09-30,3771.48,81.58591,99.3566,14455.8,59.14305,89.34368,71.68288,107.747,2.64,92.9207,102.36,167.9413497117656,100.161,233.544,14.692000000000002
2013-10-31,3919.71,84.61816,99.6535,14327.94,59.09224,91.01359,74.76316,108.825,2.57,92.731,96.29,165.3812684635345,100.082,233.669,15.407826086956522
2013-11-30,4059.89,86.66119,101.5092,15661.87,58.49376,93.42351,75.39119,106.182,2.75,93.6291,92.55,163.5633849940379,100.3158,234.1,12.924000000000001
2013-12-31,4176.59,85.69329,99.83622,16291.31,58.53194,93.14001,76.67639,102.2032,3.04,93.5576,98.17,167.1546121000013,100.5175,234.719,14.192380952380953
2014-01-31,4103.88,88.34238,101.8433,14914.53,55.18319,95.7065,76.55624,98.92286,2.67,95.1774,97.55,165.5440404223137,100.1599,235.288,14.24095238095238
2014-02-28,4308.12,88.68092,101.4896,14841.07,56.27077,97.41881,75.09847,95.15662,2.66,94.3879,102.88,169.3297135449495,100.9168,235.547,15.47
2014-03-31,4198.99,88.97874,100.5595,14827.83,55.10262,99.59733,79.7543,94.52103,2.73,94.2432,101.57,168.6204550970078,101.8942,236.028,14.836666666666666
2014-04-30,4114.56,90.68548,100.83,14304.11,56.10492,100.7263,82.53337,103.5146,2.67,93.8896,100.07,170.1001526449949,101.9928,236.468,14.19809523809524
2014-05-31,4242.62,91.14529,103.6177,14632.38,54.90822,102.0304,86.5797,106.5798,2.48,93.7606,103.4,168.0839116804455,102.3836,236.918,12.475238095238096
2014-06-30,4408.18,93.04795,103.177,15162.1,55.2705,104.3338,92.21367,108.075,2.53,93.2058,106.07,168.350187460071,102.735,237.231,11.541428571428572
2014-07-31,4369.77,90.47438,102.6874,15620.77,56.44458,106.4434,94.07166,111.8882,2.58,94.4467,98.23,164.8115299496384,102.9632,237.498,12.296363636363635
2014-08-31,4580.27,87.39693,101.826,15424.59,60.01955,107.2668,95.3607,116.0106,2.35,94.7251,97.86,159.263969436772,102.7688,237.46,13.491904761904761
2014-09-30,4493.39,90.96001,102.7743,16173.52,62.70167,107.1606,98.36828,117.0744,2.52,97.5261,91.17,154.1944715778606,103.0641,237.477,13.466666666666667
2014-10-31,4630.74,85.39798,97.177,16413.76,63.76123,100.7782,97.32137,109.1684,2.35,98.1163,80.53,145.7527532228023,103.0764,237.43,18.058695652173913
2014-11-30,4791.63,88.62,100.748,17459.85,67.45713,103.387,102.7775,107.6165,2.18,100.0719,65.94,139.1177341798243,103.7126,236.983,13.413157894736841
2014-12-31,4736.05,89.9124,99.29762,17450.77,81.01926,100.1089,101.0226,100.6136,2.17,102.2843,53.45,125.9428063754755,103.7044,236.252,16.292272727272728
2015-01-31,4635.24,91.80496,100.2738,17674.39,88.97274,100.9038,103.3338,97.31792,1.68,105.5884,47.79,114.0347523290681,102.8905,234.747,19.1195
2015-02-28,4963.53,99.14811,104.3025,18797.94,86.62283,105.7285,105.7926,100.8094,2.0,105.5981,49.84,117.1959239517698,102.2335,235.342,15.90421052631579
2015-03-31,4900.88,104.9504,104.3932,19206.99,94.2608,104.0623,104.481,101.2584,1.94,107.4396,47.72,113.2923909381559,101.8914,235.976,14.812727272727273
2015-04-30,4941.42,107.5063,106.0855,19520.01,112.8654,106.6098,102.9666,109.2835,2.05,105.312,59.62,114.5751655026642,101.3355,236.222,13.494761904761905
2015-05-31,5070.03,104.8303,105.9059,20563.15,120.8473,105.4901,100.1822,112.1513,2.12,106.7388,60.25,118.124995095008,100.8883,237.001,13.3385
2015-06-30,4986.87,102.177,102.8565,20235.73,129.4211,103.4648,99.19936,107.445,2.35,106.5191,59.48,115.7011192505264,100.571,237.657,14.339545454545457
2015-07-31,5128.28,102.8282,100.7856,20585.24,104.1174,100.7142,102.4078,103.5964,2.2,108.7819,47.11,109.3380254179787,101.2228,238.034,14.352727272727272
2015-08-31,4776.51,100.1312,97.74457,18890.48,97.23898,97.85998,100.1095,95.79922,2.21,110.5621,49.2,102.3333970549256,101.0367,238.033,19.42809523809524
2015-09-30,4620.16,92.8857,92.30527,17388.15,84.70945,93.99223,94.03223,93.05756,2.06,111.3311,45.06,101.883407742469,100.7547,237.498,24.377142857142857
2015-10-31,5053.75,96.0555,96.14877,19083.1,88.65205,95.97256,98.65292,95.17151,2.16,110.2079,46.6,102.0353465489185,100.2675,237.733,16.789545454545454
2015-11-30,5108.67,100.5562,95.63457,19747.47,96.35088,93.61954,95.0229,94.58144,2.21,112.34,40.43,96.04245317311727,99.5298,238.017,16.21
2015-12-31,5007.41,97.12614,93.56385,19033.71,95.94104,91.58231,93.81919,89.52837,2.27,113.3429,37.13,90.53613778017652,99.0417,237.761,18.025454545454547
2016-01-31,4613.95,90.36546,90.03909,17518.3,81.43359,86.42041,90.52799,79.37943,1.94,115.5731,33.66,85.27145839420656,99.5607,237.652,23.717894736842105
2016-02-29,4557.95,85.4269,89.18767,16026.76,75.5868,88.01437,86.58983,82.33208,1.74,114.2418,32.74,86.98851528608424,99.0445,237.336,22.517
2016-03-31,4869.85,90.35648,93.30228,16758.67,78.69484,93.31869,90.83797,98.8275,1.78,109.9191,36.94,93.56518231359726,98.3096,238.08,15.84909090909091
2016-04-30,4775.36,90.7885,95.1037,16666.05,81.31035,95.19677,93.12807,104.3349,1.83,108.8274,45.98,96.92617196337171,98.6421,238.992,14.300476190476191
2016-05-31,4948.05,89.69597,93.60706,17234.98,77.47234,96.62364,93.9203,102.3456,1.84,112.4276,49.1,100.8536855155762,98.4184,239.557,14.852857142857141
2016-06-30,4842.67,87.63414,93.63906,15575.92,78.50861,97.93118,97.66355,100.7682,1.49,112.1618,48.27,103.5054746934114,98.8833,240.222,17.774545454545457
2016-07-31,5162.13,87.82053,100.9262,16569.27,81.62417,100.6193,101.208,110.5329,1.46,111.874,41.54,102.8002572504015,98.9992,240.101,13.1585
2016-08-31,5213.22,90.72702,103.4513,16887.4,82.52074,102.3534,102.3991,116.4915,1.58,112.4036,44.68,103.1487313239129,98.85,240.545,12.399565217391304
2016-09-30,5312.0,91.37519,103.3202,16449.84,82.07132,102.1077,104.1679,117.524,1.6,112.2795,47.72,103.1743166249251,98.7457,241.176,14.21952380952381
2016-10-31,5189.13,92.03178,106.3142,17425.02,82.97025,102.5932,102.387,125.3706,1.84,114.0188,46.83,106.7431108666256,98.7611,241.741,14.585238095238097
2016-11-30,5323.68,91.10402,103.1622,18308.48,86.4572,103.3672,97.68158,123.7631,2.37,117.7636,49.41,105.5525599382046,98.3491,242.026,15.236190476190476
2016-12-31,5383.12,96.24695,105.7012,19114.37,85.38379,106.4306,96.40318,118.8782,2.45,118.3466,53.75,111.4705358296821,99.0214,242.637,12.472380952380954
2017-01-31,5614.79,98.9314,109.302,19041.34,84.89984,107.9394,99.39032,127.8422,2.45,116.2241,52.75,115.691938169752,98.7611,243.618,11.6085
2017-02-28,5825.44,99.15401,109.79,19118.99,86.7471,109.1398,104.1023,133.5231,2.36,116.0032,54.0,116.3439359218554,98.3646,244.006,11.530526315789475
2017-03-31,5911.74,102.6455,111.5961,18909.26,87.67939,108.2026,106.9398,130.6343,2.4,114.7938,50.54,110.8229013433607,99.0137,243.892,11.89782608695652
2017-04-30,6047.61,104.8432,110.2385,19196.74,86.96244,109.0509,108.546,129.2743,2.29,114.7877,49.31,111.101114790091,100.0224,244.193,13.136315789473684
2017-05-31,6198.52,108.6536,112.4915,19650.57,83.8334,107.9957,111.1173,130.8377,2.21,113.2956,48.29,108.9070977630408,100.1408,244.004,10.862272727272726
2017-06-30,6140.42,107.6759,113.1798,20033.43,85.1116,106.7628,113.8447,124.575,2.31,111.9896,46.02,105.672051914219,100.3471,244.163,10.513636363636364
2017-07-31,6348.12,106.0637,112.1469,19925.18,87.17877,105.6894,116.5322,129.5817,2.3,109.8177,50.21,108.2060105684868,100.1068,244.243,10.2645
2017-08-31,6428.66,105.2842,112.3438,19646.24,88.94571,105.4141,116.0603,138.2209,2.12,109.3686,47.26,111.0418935908773,99.6925,245.183,11.975652173913044
2017-09-30,6495.96,106.8775,111.2187,20356.28,90.99416,106.5621,116.5597,149.1881,2.33,110.0867,51.67,114.0862743814701,99.7954,246.435,10.437999999999999
2017-10-31,6727.67,109.9482,113.8502,22011.61,91.40186,110.3385,118.2395,152.9576,2.38,111.8052,54.36,115.5575211876223,101.0247,246.626,10.125454545454545
2017-11-30,6873.97,109.9527,112.835,22724.96,91.67085,111.8084,122.0721,147.1864,2.42,110.4648,57.4,120.4837146242583,101.2664,247.284,10.54047619047619
2017-12-31,6903.39,109.3862,113.6094,22764.94,89.11232,112.2785,122.2688,148.2945,2.4,110.0783,60.46,121.9934570257262,101.4644,247.805,10.2645
2018-01-31,7411.48,111.6844,116.6877,23098.29,93.35605,113.464,128.0683,162.2355,2.72,106.7696,64.82,128.4351751275419,101.4625,248.859,11.062380952380952
2018-02-28,7273.01,106.8396,110.0247,22068.24,88.52797,107.6199,125.3347,169.2701,2.87,108.3903,61.43,126.3611096663866,101.7085,249.529,22.464736842105264
2018-03-31,7063.44,105.4975,107.4874,21454.3,87.87057,107.9901,121.8119,171.1664,2.74,107.4784,64.87,126.0962539412079,102.2067,249.577,19.023809523809526
2018-04-30,7066.27,107.4639,110.3475,22467.87,84.49294,107.2621,124.8156,170.82,2.95,109.3363,68.56,128.0849939119876,103.3329,250.227,18.267619047619046
2018-05-31,7442.12,110.1094,116.5558,22201.82,85.07178,111.3948,128.2421,165.1709,2.83,111.9894,66.98,132.8524903043191,102.4024,250.792,14.124545454545455
2018-06-30,7510.3,107.6366,116.1057,22304.51,80.63036,113.3493,129.4194,146.0071,2.85,113.2586,74.13,131.6419417075388,103.198,251.018,13.678095238095239
2018-07-31,7671.79,107.7382,116.0167,22553.72,76.326,114.5507,133.0793,154.4901,2.96,112.7299,69.88,129.8286188969794,103.3646,251.214,13.147619047619049
2018-08-31,8109.54,107.3609,115.3089,22865.15,74.35362,113.9279,139.1318,156.2918,2.86,114.2755,69.84,127.5126804438963,104.0327,251.663,12.54695652173913
2018-09-30,8046.35,105.6573,111.9961,24120.04,73.77574,112.5069,136.7103,154.745,3.05,113.8077,73.16,131.713928708743,104.1004,252.182,12.910526315789474
2018-10-31,7305.9,100.7757,108.2222,21920.46,71.68844,107.8389,126.5401,169.0305,3.15,116.5281,65.31,132.8267485623901,103.9856,252.772,19.35217391304348
2018-11-30,7330.54,98.61532,106.7632,22351.06,71.18369,105.6134,128.9682,175.6551,3.01,116.413,50.78,121.4560298540955,104.0681,252.594,19.38904761904762
2018-12-31,6635.28,93.84237,102.8222,20014.77,69.53077,100.9393,131.0445,174.7213,2.69,115.5674,45.15,115.8940992555142,104.0936,252.767,24.953157894736844
2019-01-31,7281.74,95.42643,103.9577,20773.49,69.14452,104.6165,131.7876,189.5323,2.63,113.5504,53.84,117.0180204454038,103.4021,252.561,19.57238095238095
2019-02-28,7532.53,99.66153,108.3783,21385.16,74.1101,110.2759,132.0995,194.2968,2.73,114.1991,57.21,118.7566424704218,102.8371,253.319,15.234736842105262
2019-03-31,7729.32,102.6629,109.2462,21205.81,82.47263,112.4168,137.4276,193.1395,2.41,115.1371,60.19,119.372708082525,102.8757,254.277,14.485238095238095
2019-04-30,8095.39,106.4943,112.7637,22258.73,86.50896,114.9087,142.2029,191.5144,2.51,115.3281,63.83,122.7740089151012,102.274,255.233,12.949047619047619
2019-05-31,7453.15,103.6909,110.3894,20601.19,79.06301,113.8178,141.0776,189.3634,2.14,116.7273,53.49,119.6451712203985,102.392,255.296,16.721818181818183
2019-06-30,8006.24,103.7838,111.5929,21275.92,78.97067,113.8331,144.6276,198.997,2.0,114.5821,58.2,114.8553517901099,102.4375,255.213,15.836000000000002
2019-07-31,8175.42,106.6692,114.4728,21521.53,79.75629,115.1347,141.2805,207.9387,2.02,115.4946,58.53,117.3838274565757,101.9408,255.802,13.305909090909092
2019-08-31,7962.88,102.0647,109.1551,20704.37,77.02958,113.2873,135.8939,202.1138,1.5,118.1575,55.07,112.0299265271324,102.639,256.036,18.97909090909091
2019-09-30,7999.33,106.5836,110.9959,21755.84,80.65064,116.2679,137.1351,207.9997,1.68,117.9461,54.09,114.0693577033567,102.2917,256.43,15.559000000000001
2019-10-31,8292.36,107.4636,109.4995,22927.04,79.65337,114.3991,141.4126,210.2542,1.69,115.9125,54.02,112.6335639045523,101.4281,257.155,15.466521739130435
2019-11-30,8665.47,111.8338,111.4263,23293.91,79.105,118.0409,148.0616,216.1423,1.78,117.1204,58.12,116.4381870912813,101.9372,257.879,12.5235
2019-12-31,8972.6,112.7054,112.5802,23656.62,80.14099,118.7978,150.1374,227.2785,1.92,114.669,61.14,119.2927694289734,101.7003,258.63,13.756666666666666
2020-01-31,9150.94,114.1988,114.5953,23205.18,82.54108,121.1244,151.1901,234.7367,1.51,115.7345,51.58,118.8207228601473,101.0338,259.127,13.94095238095238
2020-02-29,8567.37,114.2796,110.8974,21142.96,79.20619,122.4482,148.9424,227.5203,1.13,117.6568,44.83,110.1547575136863,101.3735,259.25,19.628947368421052
2020-03-31,7700.1,86.59691,87.06705,18917.01,77.16486,95.94145,118.4641,163.7654,0.7,122.5301,20.51,93.17534887056279,97.4078,258.076,57.73681818181819
2020-04-30,8889.55,87.25377,87.03309,20193.69,76.07638,98.16383,112.1694,156.0017,0.64,122.327,19.23,85.0533673788871,84.5619,256.032,41.453809523809525
2020-05-31,9489.87,90.40842,90.33038,21877.89,77.54418,103.8505,114.7061,163.5291,0.65,120.9458,35.57,91.72581274978236,85.9604,255.802,30.897000000000002
2020-06-30,10058.77,99.34293,94.69035,22288.14,79.65945,107.9628,125.244,189.7612,0.66,120.4649,39.27,99.8748213083099,91.5934,257.042,31.119545454545456
2020-07-31,10745.27,101.615,93.51866,21710.0,88.98183,111.0523,135.3612,203.6085,0.55,117.2082,40.1,102.8644936896104,95.0256,258.352,26.840454545454545
2020-08-31,11775.46,101.5684,92.02005,23139.76,91.29207,115.52,140.1715,204.3305,0.72,115.7586,42.61,108.6700781695264,95.9549,259.316,22.88952380952381
2020-09-30,11167.68,100.8304,89.9651,23185.12,88.98283,113.2146,140.2899,198.2714,0.69,116.946,40.05,108.3418015516437,95.9669,259.997,27.64761904761905
2020-10-31,10911.59,99.67136,88.72897,22977.13,88.71368,113.2708,146.4015,196.7122,0.88,116.1354,35.64,111.2409885972606,96.7394,260.319,29.438636363636363
2020-11-30,12198.74,106.0354,94.35523,26433.62,90.51478,116.7689,157.3873,210.4163,0.84,113.2256,45.2,115.210057200145,97.0816,260.911,24.9955
2020-12-31,12888.28,110.6379,98.82664,27444.17,91.9821,122.2525,169.043,232.9825,0.93,111.3169,48.35,125.2383150282206,98.363,262.045,22.37409090909091
2021-01-31,13070.69,113.0933,101.4009,27663.39,96.37225,124.2181,177.5392,240.8497,1.11,111.9511,52.16,136.9616003010032,98.8822,262.687,24.91
2021-02-28,13192.35,115.0985,99.82986,28966.01,97.30544,127.3483,185.6307,236.4464,1.44,112.8306,61.55,137.974647557282,95.6149,263.579,23.140526315789476
2021-03-31,13246.87,118.5624,101.8014,29178.8,93.1525,130.1205,183.1509,228.7532,1.74,113.8234,59.19,141.0155848340953,98.3856,264.961,21.84304347826087
2021-04-30,13962.68,123.4095,104.7217,28812.63,93.47531,133.6261,178.6087,239.2676,1.65,112.0839,63.5,145.2186361129708,98.5587,266.614,17.416190476190476
2021-05-31,13748.74,124.5916,106.4692,28860.08,94.69712,135.6217,181.9248,245.5253,1.58,110.7576,66.31,155.1856379341278,99.4333,268.383,19.7605
2021-06-30,14503.95,127.813,107.6213,28791.53,96.76464,140.2464,191.541,259.1819,1.45,112.5533,73.52,160.7801755876585,99.7987,270.654,16.956818181818182
2021-07-31,14672.68,127.3939,106.8666,27283.59,95.07057,140.6317,192.5354,253.1263,1.24,112.6714,73.93,164.8299599347591,100.2519,271.903,17.603333333333335
2021-08-31,15259.24,131.5263,108.2514,28089.54,94.55124,142.6497,201.9794,241.694,1.3,113.1076,68.43,163.1886465234196,100.0437,272.676,17.472727272727273
2021-09-30,14448.58,130.6774,107.1312,29452.66,98.10458,143.1405,214.7879,229.1223,1.52,114.6403,75.22,171.579878601008,98.8579,273.91,19.824761904761903
2021-10-31,15498.39,129.5189,108.6177,28892.69,96.66045,144.7816,221.0192,221.36,1.55,114.1349,83.5,191.4984140885686,100.1861,276.55,17.871428571428574
2021-11-30,15537.69,134.3893,110.1591,27821.76,95.7398,149.5152,217.3347,209.7797,1.43,116.2071,66.14,183.1049665090508,100.8654,278.919,18.50047619047619
2021-12-31,15644.97,131.6776,110.5146,28791.71,98.13245,146.0664,210.7808,212.5653,1.52,115.283,75.33,186.6932890950453,100.5726,280.845,21.354545454545455
2022-01-31,14239.88,132.227,113.6568,27001.98,95.52652,146.7475,217.5116,214.4515,1.79,115.566,89.16,192.2452594802541,100.1856,282.543,23.181
2022-02-28,13751.4,127.0804,114.2632,26526.82,93.12193,147.9952,210.9065,226.7542,1.83,115.2224,96.13,203.4922703922215,100.8064,284.5,25.748421052631578
2022-03-31,14220.52,118.4808,110.9183,27821.43,88.8595,150.8203,206.3866,231.1479,2.32,115.2218,100.53,239.8738771146949,101.3907,287.674,26.968695652173913
2022-04-30,12334.64,120.439,114.6437,26847.9,85.19662,150.6322,212.6788,231.1119,2.89,119.4933,104.59,228.2876864897503,101.44,288.561,24.3735
2022-05-31,12081.39,116.0843,112.9969,27279.8,83.45422,142.2092,199.4088,216.5761,2.85,118.0704,114.38,226.3295350768203,101.3335,291.298,29.313636363636363
2022-06-30,11028.74,112.172,110.677,26393.04,89.03645,137.703,195.4859,208.329,2.98,120.9652,107.76,231.6131345011397,101.018,294.957,28.23318181818182
2022-07-31,12390.69,109.5836,109.5683,27801.64,89.4203,131.9919,199.8939,199.0975,2.67,121.7678,101.31,229.4715884527396,101.223,294.913,24.995238095238093
2022-08-31,11816.2,114.6805,113.2166,28091.53,87.75818,138.5578,215.773,221.1014,3.15,123.535,90.09,241.9349789551012,101.0963,295.097,22.169565217391302
2022-09-30,10575.62,107.339,109.0082,25937.21,85.41844,133.5429,215.0953,222.3382,3.83,127.5148,79.91,220.0207626761007,101.2918,296.349,27.34181818181818
2022-10-31,10988.15,106.251,105.719,27587.46,81.45039,131.5332,214.3838,232.153,4.1,127.6219,86.54,191.3619727322798,101.2529,298.007,30.005714285714287
2022-11-30,11468.0,116.276,111.7236,27968.99,83.31553,138.8564,225.2125,225.7047,3.68,123.5175,80.48,192.0382041298658,100.9552,298.786,23.29909090909091
2022-12-31,10466.48,117.3453,113.3291,26094.5,84.83144,137.6451,225.7833,216.3027,3.88,121.4256,80.16,194.3354800212596,99.7664,298.832,21.784285714285716
2023-01-31,11584.55,123.4687,117.266,27327.11,86.74913,140.9926,220.7431,222.5101,3.52,118.9802,78.95,182.6236898466865,100.505,300.42,20.16904761904762
2023-02-28,11455.54,127.9489,120.0188,27445.56,88.46598,143.1723,220.5875,217.7903,3.92,121.3341,76.88,174.5804018005406,100.6416,301.45,20.1205
2023-03-31,12221.91,125.9053,115.8184,28041.48,88.43982,138.4465,214.0365,205.8688,3.48,119.3602,75.68,168.2944285172827,101.0205,301.821,21.644347826086957
2023-04-30,12226.58,129.2405,118.566,28856.44,89.83244,142.7487,219.2443,208.4563,3.44,119.2248,76.78,170.7543283388153,101.253,302.845,17.817894736842106
2023-05-31,12935.29,128.126,116.9485,30887.88,88.91565,141.2347,226.2196,216.4245,3.64,120.9662,68.11,157.1430210819627,100.9286,303.334,17.63608695652174
2023-06-30,13787.92,127.8523,114.5883,33189.04,86.98043,138.5384,230.9114,235.2478,3.81,119.3606,70.66,154.0560294835923,100.1196,304.014,14.003181818181817
2023-07-31,14346.02,129.1551,113.9178,33172.22,87.03687,141.3794,241.6579,239.6028,3.97,117.8241,81.8,157.8898409447821,100.9067,304.609,13.932380952380951
2023-08-31,14034.97,127.4257,112.8674,32619.34,85.95383,140.1464,239.1023,236.2484,4.09,120.225,83.55,161.2767360894369,100.8393,306.082,15.85391304347826
2023-09-30,13219.32,125.5614,114.8787,31857.62,84.5581,140.2214,243.0607,234.8659,4.59,122.3077,90.77,168.6187963076835,101.0211,307.276,15.173333333333332
2023-10-31,12851.24,120.9331,113.4461,30858.85,82.55218,133.9453,238.6899,229.933,4.88,123.8364,81.64,167.8999280784902,100.4689,307.696,18.887727272727272
2023-11-30,14226.22,125.7574,112.8533,33486.89,82.40778,138.7668,239.1954,246.214,4.37,120.2434,75.66,165.1092152732787,100.8639,308.148,14.01909090909091
2023-12-31,15011.35,132.556,115.4689,33464.17,79.95304,143.7925,257.6295,261.3429,3.88,118.4208,71.89,159.5326223936751,100.6031,308.741,12.7185
2024-01-31,15164.01,132.4796,115.3066,36286.71,77.84296,146.2804,261.9575,260.8998,3.99,120.4331,76.28,159.3276072666515,99.2223,309.698,13.388636363636364
2024-02-29,16091.92,137.3935,115.8311,39166.19,78.10951,147.3095,264.081,259.1061,4.25,121.1824,79.22,158.6359144955662,100.285,310.967,13.980476190476189
2024-03-31,16379.46,143.2536,117.9558,40369.44,82.38341,152.4622,267.5792,256.6245,4.2,121.0191,83.96,163.0699638041388,100.4575,312.345,13.7875
2024-04-30,15657.82,143.6205,120.9609,38405.66,82.74522,153.2408,270.3898,253.7904,4.69,122.9853,83.49,170.3973436175326,100.2434,313.023,16.137727272727275
2024-05-31,16735.02,145.8435,126.2393,38487.9,84.63339,155.011,270.3702,254.2783,4.51,122.098,77.97,168.6761040298751,100.863,313.175,13.058695652173913
2024-06-30,17732.6,143.1714,124.5847,39583.08,81.68166,152.3224,280.865,243.789,4.36,124.2103,82.83,166.7472616252755,100.894,313.044,12.667
2024-07-31,17599.4,142.119,124.4262,39101.82,79.73952,157.2388,294.1241,255.3796,4.09,123.6373,79.36,166.1229822196752,99.9757,313.569,14.373913043478263
2024-08-31,17713.62,138.6906,125.2097,38647.75,77.51271,158.9263,294.0065,266.513,3.91,122.3262,74.52,164.1539680256127,100.4309,314.062,19.312272727272727
2024-09-30,18189.17,141.7535,125.3474,37919.55,76.1527,164.0318,304.472,268.7095,3.81,121.2864,68.75,161.3002163549875,99.8084,314.732,17.663333333333334
2024-10-31,18095.15,143.4883,125.363,39081.25,89.00382,170.148,296.8832,262.9195,4.28,124.7988,69.58,166.5217121909413,99.4695,315.631,19.960869565217394
2024-11-30,19218.17,139.665,123.711,38208.03,90.76415,174.3944,288.3185,257.6302,4.18,126.5798,68.26,166.2229822209629,99.2925,316.528,16.015238095238097
2024-12-31,19310.79,142.2882,124.7651,39894.54,91.68844,175.2943,292.8315,248.6894,4.58,129.2775,72.44,166.6951644308947,100.3273,317.604,15.866190476190477
2025-01-31,19627.44,146.6177,127.3686,39572.49,87.5378,175.119,281.9875,244.7712,4.58,128.4828,72.84,172.8839269309394,100.0647,318.961,16.763636363636365
2025-02-28,18847.28,155.4396,132.1118,37155.5,90.01576,177.3922,278.2176,253.1102,4.24,128.2805,69.97,172.2798117105831,101.0993,319.679,16.968
2025-03-31,17299.29,156.9372,131.3455,35617.56,91.29215,172.9629,275.4217,257.6976,4.23,126.7075,71.87,167.6454679700185,101.0404,319.785,21.841428571428573
2025-04-30,17446.34,146.075,125.0014,36045.38,88.51049,168.241,282.3692,261.6325,4.17,122.5921,59.55,162.7502203304408,101.1279,320.302,31.966190476190473
2025-05-31,19113.77,157.9189,131.2874,37965.1,90.62314,179.0564,297.1043,275.8262,4.41,121.7674,61.46,161.1931325584958,100.9655,320.62,20.46227272727273
2025-06-30,20369.73,157.7038,133.545,40487.39,91.84008,185.0524,300.0245,275.7826,4.24,119.4088,66.3,166.1915411074047,101.4785,321.435,18.403333333333336
2025-07-31,21122.45,159.072,136.0249,41069.82,95.55305,189.6443,301.5365,273.1926,4.37,121.721,70.36,165.7076416165216,101.894,322.169,16.381304347826084
2025-08-31,21455.55,160.5488,139.3394,42718.47,100.6244,194.7787,295.4092,274.0532,4.23,120.2082,64.36,163.347890678846,101.6247,323.291,15.75
2025-09-30,22660.01,160.7973,140.029,44932.63,103.9177,204.8339,297.4124,288.7512,4.16,120.1368,63.17,167.4644910251405,101.668,324.245,15.789090909090909
2025-10-31,23724.96,166.8486,144.4346,52411.34,105.9416,210.9657,303.9453,290.1132,4.11,121.3859,61.75,167.812160391536,101.2195,,18.086521739130436
2025-11-30,23365.69,166.6128,146.9106,50253.91,106.7515,211.936,308.9782,312.7448,4.02,121.0527,58.58,168.644273833077,101.081,325.063,19.7695
2025-12-31,23241.99,169.7321,148.2202,50339.48,105.7479,220.1099,310.9487,321.1082,4.18,119.7456,57.26,170.7768992919449,101.6113,326.031,15.548181818181819
2026-01-31,23461.82,176.1132,153.5814,53322.85,111.0291,227.9918,304.688,339.9888,4.26,117.8996,64.5,180.3914356863336,101.5954,326.588,16.17904761904762
2026-02-28,22668.21,,159.7908,58850.27,110.9197,231.5948,303.7807,375.7368,3.97,117.8223,66.96,184.3479419768756,102.344,327.46,19.207
2026-03-31,21590.63,,155.3091,51063.72,108.9658,228.2303,278.0702,365.5642,4.3,121.035,102.86,218.8054299356044,101.7898,330.293,25.596818181818183
2026-04-30,24892.31,,,59284.92,,,,,4.4,118.671,108.64,,,,19.811904761904763
2026-05-31,25838.94,,,59513.12,,,,,4.43,118.3926,109.76,,,,17.55333333333333
